"",student_id,timestamp,raw_response,q1,q2,q3,q4,q5,q6,q7,q8,q9,q10,q11,q12,q13,q14,q15,q16,q17,q18,q19,q20,q21,q22,q23,q24,q25,q26,q27,q28,q29,q30
0,1076,2025-04-19T20:31:53.924Z,121222222222222122121211112121,0,1,0,1,1,1,1,1,1,1,1,1,1,1,1,0,1,1,0,1,0,1,0,0,0,0,1,0,1,0
1,1081,2025-04-19T20:32:35.391Z,222121122221211111222121212222,1,1,1,0,1,0,0,1,1,1,1,0,1,0,0,0,0,0,1,1,1,0,1,0,1,0,1,1,1,1
2,1321,2025-04-19T20:33:13.292Z,122221121121211121112211122221,0,1,1,1,1,0,0,1,0,0,1,0,1,0,0,0,1,0,0,0,1,1,0,0,0,1,1,1,1,0
3,321.0,2025-04-17T15:34:42.836Z,221121122122222121211111211111,1,1,0,0,1,0,0,1,1,0,1,1,1,1,1,0,1,0,1,0,0,0,0,0,1,0,0,0,0,0
4,273.0,2025-04-17T15:37:15.063Z,121121221111211122212112212111,0,1,0,0,1,0,1,1,0,0,0,0,1,0,0,0,1,1,1,0,1,0,0,1,1,0,1,0,0,0
5,286.0,2025-04-17T15:37:53.382Z,221221222211211122212212222122,1,1,0,1,1,0,1,1,1,1,0,0,1,0,0,0,1,1,1,0,1,1,0,1,1,1,1,0,1,1
6,300.0,2025-04-17T15:39:48.807Z,221121122211111111112212221211,1,1,0,0,1,0,0,1,1,1,0,0,0,0,0,0,0,0,0,0,1,1,0,1,1,1,0,1,0,0
7,1309.0,2025-04-17T15:40:19.259Z,211122121222221122111112111121,1,0,0,0,1,1,0,1,0,1,1,1,1,1,0,0,1,1,0,0,0,0,0,1,0,0,0,0,1,0
8,1300.0,2025-04-17T15:40:48.987Z,211122121211211112222112221121,1,0,0,0,1,1,0,1,0,1,0,0,1,0,0,0,0,1,1,1,1,0,0,1,1,1,0,0,1,0
9,1285.0,2025-04-17T15:41:24.055Z,111121121211221112222111221121,0,0,0,0,1,0,0,1,0,1,0,0,1,1,0,0,0,1,1,1,1,0,0,0,1,1,0,0,1,0
10,1980.0,2025-04-17T15:42:05.156Z,111121111211121122111111211111,0,0,0,0,1,0,0,0,0,1,0,0,0,1,0,0,1,1,0,0,0,0,0,0,1,0,0,0,0,0
11,1311.0,2025-04-17T15:42:52.082Z,211121222212221222221212111121,1,0,0,0,1,0,1,1,1,1,0,1,1,1,0,1,1,1,1,1,0,1,0,1,0,0,0,0,1,0
12,1290.0,2025-04-17T15:44:24.758Z,221121122222221122222222221122,1,1,0,0,1,0,0,1,1,1,1,1,1,1,0,0,1,1,1,1,1,1,1,1,1,1,0,0,1,1
13,1294.0,2025-04-17T15:44:54.698Z,221121122111111222212112221121,1,1,0,0,1,0,0,1,1,0,0,0,0,0,0,1,1,1,1,0,1,0,0,1,1,1,0,0,1,0
14,1306.0,2025-04-17T15:45:23.417Z,221122121222221122222211221221,1,1,0,0,1,1,0,1,0,1,1,1,1,1,0,0,1,1,1,1,1,1,0,0,1,1,0,1,1,0
15,2000.0,2025-04-17T15:45:55.076Z,221121121112121112222112221121,1,1,0,0,1,0,0,1,0,0,0,1,0,1,0,0,0,1,1,1,1,0,0,1,1,1,0,0,1,0
16,1297.0,2025-04-17T15:46:25.186Z,212122222212111112221112221121,1,0,1,0,1,1,1,1,1,1,0,1,0,0,0,0,0,1,1,1,0,0,0,1,1,1,0,0,1,0
17,1310.0,2025-04-17T15:47:49.059Z,222122211211211122122222221222,1,1,1,0,1,1,1,0,0,1,0,0,1,0,0,0,1,1,0,1,1,1,1,1,1,1,0,1,1,1
18,1305.0,2025-04-17T15:48:20.568Z,211122111221111112222211211111,1,0,0,0,1,1,0,0,0,1,1,0,0,0,0,0,0,1,1,1,1,1,0,0,1,0,0,0,0,0
19,1308.0,2025-04-17T15:49:42.869Z,111121111211211112212111211111,0,0,0,0,1,0,0,0,0,1,0,0,1,0,0,0,0,1,1,0,1,0,0,0,1,0,0,0,0,0
20,1299.0,2025-04-17T15:50:13.517Z,111122121221221122211112211111,0,0,0,0,1,1,0,1,0,1,1,0,1,1,0,0,1,1,1,0,0,0,0,1,1,0,0,0,0,0
21,1293.0,2025-04-17T15:50:56.490Z,211122111222221122222212211211,1,0,0,0,1,1,0,0,0,1,1,1,1,1,0,0,1,1,1,1,1,1,0,1,1,0,0,1,0,0
22,1304.0,2025-04-17T15:52:29.862Z,211122111222221122222112211122,1,0,0,0,1,1,0,0,0,1,1,1,1,1,0,0,1,1,1,1,1,0,0,1,1,0,0,0,1,1
23,249.0,2025-04-17T15:52:56.416Z,111111121112111122212112111112,0,0,0,0,0,0,0,1,0,0,0,1,0,0,0,0,1,1,1,0,1,0,0,1,0,0,0,0,0,1
24,241.0,2025-04-17T15:53:37.192Z,221121222112122112212211221111,1,1,0,0,1,0,1,1,1,0,0,1,0,1,1,0,0,1,1,0,1,1,0,0,1,1,0,0,0,0
25,243.0,2025-04-17T15:54:15.245Z,211221112212212222222222221222,1,0,0,1,1,0,0,0,1,1,0,1,1,0,1,1,1,1,1,1,1,1,1,1,1,1,0,1,1,1
26,1284.0,2025-04-17T15:54:43.307Z,211121112212221111212111221111,1,0,0,0,1,0,0,0,1,1,0,1,1,1,0,0,0,0,1,0,1,0,0,0,1,1,0,0,0,0
27,1291.0,2025-04-17T15:55:44.233Z,211122121212121112222212211121,1,0,0,0,1,1,0,1,0,1,0,1,0,1,0,0,0,1,1,1,1,1,0,1,1,0,0,0,1,0
28,267.0,2025-04-17T15:57:07.911Z,221111121112111112212111122112,1,1,0,0,0,0,0,1,0,0,0,1,0,0,0,0,0,1,1,0,1,0,0,0,0,1,1,0,0,1
29,270.0,2025-04-17T15:57:39.244Z,211121121112111111212112111111,1,0,0,0,1,0,0,1,0,0,0,1,0,0,0,0,0,0,1,0,1,0,0,1,0,0,0,0,0,0
30,264.0,2025-04-17T15:58:11.891Z,121121111112111111221112111111,0,1,0,0,1,0,0,0,0,0,0,1,0,0,0,0,0,0,1,1,0,0,0,1,0,0,0,0,0,0
31,250.0,2025-04-17T15:59:32.593Z,221121121112121111212111121111,1,1,0,0,1,0,0,1,0,0,0,1,0,1,0,0,0,0,1,0,1,0,0,0,0,1,0,0,0,0
32,246.0,2025-04-17T16:00:00.689Z,122221111212211122222222121222,0,1,1,1,1,0,0,0,0,1,0,1,1,0,0,0,1,1,1,1,1,1,1,1,0,1,0,1,1,1
33,2010.0,2025-04-17T16:00:48.288Z,211121122111111122112112211111,1,0,0,0,1,0,0,1,1,0,0,0,0,0,0,0,1,1,0,0,1,0,0,1,1,0,0,0,0,0
34,265.0,2025-04-17T16:01:35.565Z,211121121211111122112112211111,1,0,0,0,1,0,0,1,0,1,0,0,0,0,0,0,1,1,0,0,1,0,0,1,1,0,0,0,0,0
35,251.0,2025-04-17T16:02:54.109Z,221111111112112111112111111111,1,1,0,0,0,0,0,0,0,0,0,1,0,0,1,0,0,0,0,0,1,0,0,0,0,0,0,0,0,0
36,245.0,2025-04-17T16:03:45.568Z,212121211221221112222111122212,1,0,1,0,1,0,1,0,0,1,1,0,1,1,0,0,0,1,1,1,1,0,0,0,0,1,1,1,0,1
37,242.0,2025-04-17T16:04:14.087Z,211122211221221212222111122212,1,0,0,0,1,1,1,0,0,1,1,0,1,1,0,1,0,1,1,1,1,0,0,0,0,1,1,1,0,1
38,254.0,2025-04-17T16:04:47.271Z,211121121112221121222112112212,1,0,0,0,1,0,0,1,0,0,0,1,1,1,0,0,1,0,1,1,1,0,0,1,0,0,1,1,0,1
39,253.0,2025-04-17T16:05:12.641Z,221221221112111121222122222122,1,1,0,1,1,0,1,1,0,0,0,1,0,0,0,0,1,0,1,1,1,0,1,1,1,1,1,0,1,1
40,258.0,2025-04-17T16:05:41.995Z,211121121222222121112111121111,1,0,0,0,1,0,0,1,0,1,1,1,1,1,1,0,1,0,0,0,1,0,0,0,0,1,0,0,0,0
41,339.0,2025-04-17T16:06:15.370Z,222121121112211121112112122222,1,1,1,0,1,0,0,1,0,0,0,1,1,0,0,0,1,0,0,0,1,0,0,1,0,1,1,1,1,1
42,345.0,2025-04-17T16:06:46.240Z,211221222121221122222112221121,1,0,0,1,1,0,1,1,1,0,1,0,1,1,0,0,1,1,1,1,1,0,0,1,1,1,0,0,1,0
43,224.0,2025-04-17T16:07:36.499Z,211221122222222112212211221221,1,0,0,1,1,0,0,1,1,1,1,1,1,1,1,0,0,1,1,0,1,1,0,0,1,1,0,1,1,0
44,232.0,2025-04-17T16:08:30.854Z,221121121121111121212111221121,1,1,0,0,1,0,0,1,0,0,1,0,0,0,0,0,1,0,1,0,1,0,0,0,1,1,0,0,1,0
45,214.0,2025-04-17T16:09:10.000Z,221221122222121122212222211211,1,1,0,1,1,0,0,1,1,1,1,1,0,1,0,0,1,1,1,0,1,1,1,1,1,0,0,1,0,0
46,218.0,2025-04-17T16:09:40.050Z,221121121211212111212122212212,1,1,0,0,1,0,0,1,0,1,0,0,1,0,1,0,0,0,1,0,1,0,1,1,1,0,1,1,0,1
47,227.0,2025-04-17T16:10:09.705Z,211211121222111112221211211111,1,0,0,1,0,0,0,1,0,1,1,1,0,0,0,0,0,1,1,1,0,1,0,0,1,0,0,0,0,0
48,213.0,2025-04-17T16:10:48.803Z,221221121111111122221212212222,1,1,0,1,1,0,0,1,0,0,0,0,0,0,0,0,1,1,1,1,0,1,0,1,1,0,1,1,1,1
49,237.0,2025-04-17T16:11:14.841Z,211221121111211121121111212111,1,0,0,1,1,0,0,1,0,0,0,0,1,0,0,0,1,0,0,1,0,0,0,0,1,0,1,0,0,0
50,338.0,2025-04-17T16:11:46.366Z,121111121112211111212211211211,0,1,0,0,0,0,0,1,0,0,0,1,1,0,0,0,0,0,1,0,1,1,0,0,1,0,0,1,0,0
51,147.0,2025-04-17T16:12:16.168Z,212112222221112121111212211112,1,0,1,0,0,1,1,1,1,1,1,0,0,0,1,0,1,0,0,0,0,1,0,1,1,0,0,0,0,1
52,337.0,2025-04-17T16:17:22.514Z,221121122112121221212112111111,1,1,0,0,1,0,0,1,1,0,0,1,0,1,0,1,1,0,1,0,1,0,0,1,0,0,0,0,0,0
53,212.0,2025-04-17T16:18:03.929Z,221121122221211122112211211111,1,1,0,0,1,0,0,1,1,1,1,0,1,0,0,0,1,1,0,0,1,1,0,0,1,0,0,0,0,0
54,177.0,2025-04-17T16:18:31.907Z,221121122221211122112212211111,1,1,0,0,1,0,0,1,1,1,1,0,1,0,0,0,1,1,0,0,1,1,0,1,1,0,0,0,0,0
55,223.0,2025-04-17T16:19:36.847Z,221121111111211111121111111111,1,1,0,0,1,0,0,0,0,0,0,0,1,0,0,0,0,0,0,1,0,0,0,0,0,0,0,0,0,0
56,221.0,2025-04-17T16:21:35.640Z,221121111111111122122111122122,1,1,0,0,1,0,0,0,0,0,0,0,0,0,0,0,1,1,0,1,1,0,0,0,0,1,1,0,1,1
57,229.0,2025-04-17T16:22:58.032Z,221221121122222212221111211111,1,1,0,1,1,0,0,1,0,0,1,1,1,1,1,1,0,1,1,1,0,0,0,0,1,0,0,0,0,0
58,234.0,2025-04-17T16:23:34.154Z,111221121121211221111112211111,0,0,0,1,1,0,0,1,0,0,1,0,1,0,0,1,1,0,0,0,0,0,0,1,1,0,0,0,0,0
59,311.0,2025-04-17T16:24:02.211Z,211221122211211112212212221121,1,0,0,1,1,0,0,1,1,1,0,0,1,0,0,0,0,1,1,0,1,1,0,1,1,1,0,0,1,0
60,211.0,2025-04-17T16:26:28.285Z,221222122211111121212212221121,1,1,0,1,1,1,0,1,1,1,0,0,0,0,0,0,1,0,1,0,1,1,0,1,1,1,0,0,1,0
61,308.0,2025-04-17T16:26:53.452Z,221122111212222122222212221211,1,1,0,0,1,1,0,0,0,1,0,1,1,1,1,0,1,1,1,1,1,1,0,1,1,1,0,1,0,0
62,1295.0,2025-04-17T16:27:28.792Z,211122121211211112222111211111,1,0,0,0,1,1,0,1,0,1,0,0,1,0,0,0,0,1,1,1,1,0,0,0,1,0,0,0,0,0
63,1428.0,2025-04-17T16:29:34.263Z,212112221222222111221111212111,1,0,1,0,0,1,1,1,0,1,1,1,1,1,1,0,0,0,1,1,0,0,0,0,1,0,1,0,0,0
64,1410.0,2025-04-17T16:30:23.869Z,222221222221122122112112222222,1,1,1,1,1,0,1,1,1,1,1,0,0,1,1,0,1,1,0,0,1,0,0,1,1,1,1,1,1,1
65,NaN,2025-04-17T16:31:44.048Z,221221121212221122212112222111,1,1,0,1,1,0,0,1,0,1,0,1,1,1,0,0,1,1,1,0,1,0,0,1,1,1,1,0,0,0
66,1474.0,2025-04-17T16:32:22.633Z,212111111222211112221222222212,1,0,1,0,0,0,0,0,0,1,1,1,1,0,0,0,0,1,1,1,0,1,1,1,1,1,1,1,0,1
67,1320.0,2025-04-17T16:32:49.640Z,221121121111211122112111221111,1,1,0,0,1,0,0,1,0,0,0,0,1,0,0,0,1,1,0,0,1,0,0,0,1,1,0,0,0,0
68,1314.0,2025-04-17T16:33:27.633Z,221121111222211122221121122222,1,1,0,0,1,0,0,0,0,1,1,1,1,0,0,0,1,1,1,1,0,0,1,0,0,1,1,1,1,1
69,1469.0,2025-04-17T16:34:13.430Z,222122122212221222212122221222,1,1,1,0,1,1,0,1,1,1,0,1,1,1,0,1,1,1,1,0,1,0,1,1,1,1,0,1,1,1
70,1434.0,2025-04-17T16:35:03.861Z,222222222222222221122222211112,1,1,1,1,1,1,1,1,1,1,1,1,1,1,1,1,1,0,0,1,1,1,1,1,1,0,0,0,0,1
71,1416.0,2025-04-17T16:35:33.061Z,211121111111111122212111221111,1,0,0,0,1,0,0,0,0,0,0,0,0,0,0,0,1,1,1,0,1,0,0,0,1,1,0,0,0,0
72,844.0,2025-04-17T16:36:10.998Z,211121122212222122222222211211,1,0,0,0,1,0,0,1,1,1,0,1,1,1,1,0,1,1,1,1,1,1,1,1,1,0,0,1,0,0
73,1327.0,2025-04-17T16:36:48.263Z,211222221112121122211112212112,1,0,0,1,1,1,1,1,0,0,0,1,0,1,0,0,1,1,1,0,0,0,0,1,1,0,1,0,0,1
74,1435.0,2025-04-17T16:37:38.352Z,211112222211112212221112112111,1,0,0,0,0,1,1,1,1,1,0,0,0,0,1,1,0,1,1,1,0,0,0,1,0,0,1,0,0,0
75,1315.0,2025-04-17T16:38:13.329Z,222211221211211112221211112121,1,1,1,1,0,0,1,1,0,1,0,0,1,0,0,0,0,1,1,1,0,1,0,0,0,0,1,0,1,0
76,1337.0,2025-04-17T16:38:49.256Z,221121122221211122222111222121,1,1,0,0,1,0,0,1,1,1,1,0,1,0,0,0,1,1,1,1,1,0,0,0,1,1,1,0,1,0
77,272.0,2025-04-17T16:40:58.977Z,221222222211122121212222122222,1,1,0,1,1,1,1,1,1,1,0,0,0,1,1,0,1,0,1,0,1,1,1,1,0,1,1,1,1,1
78,276.0,2025-04-17T16:42:02.046Z,121111121121211122212211122121,0,1,0,0,0,0,0,1,0,0,1,0,1,0,0,0,1,1,1,0,1,1,0,0,0,1,1,0,1,0
79,281.0,2025-04-17T16:42:28.271Z,121121221111211122212112212221,0,1,0,0,1,0,1,1,0,0,0,0,1,0,0,0,1,1,1,0,1,0,0,1,1,0,1,1,1,0
80,1212.0,2025-04-17T16:43:01.903Z,111111121122211121211221211121,0,0,0,0,0,0,0,1,0,0,1,1,1,0,0,0,1,0,1,0,0,1,1,0,1,0,0,0,1,0
81,1200.0,2025-04-17T16:43:26.049Z,211122122111211121222212211211,1,0,0,0,1,1,0,1,1,0,0,0,1,0,0,0,1,0,1,1,1,1,0,1,1,0,0,1,0,0
82,1204.0,2025-04-17T16:44:22.862Z,211112222112211121222221212221,1,0,0,0,0,1,1,1,1,0,0,1,1,0,0,0,1,0,1,1,1,1,1,0,1,0,1,1,1,0
83,1144.0,2025-04-17T16:44:57.399Z,111212221122212122222212211111,0,0,0,1,0,1,1,1,0,0,1,1,1,0,1,0,1,1,1,1,1,1,0,1,1,0,0,0,0,0
84,1245.0,2025-04-17T16:45:24.792Z,211111211112122112222222211121,1,0,0,0,0,0,1,0,0,0,0,1,0,1,1,0,0,1,1,1,1,1,1,1,1,0,0,0,1,0
85,1230.0,2025-04-17T16:46:52.618Z,111111121122221122111111111111,0,0,0,0,0,0,0,1,0,0,1,1,1,1,0,0,1,1,0,0,0,0,0,0,0,0,0,0,0,0
86,1074.0,2025-04-17T16:47:36.965Z,222221111212122122212211121222,1,1,1,1,1,0,0,0,0,1,0,1,0,1,1,0,1,1,1,0,1,1,0,0,0,1,0,1,1,1
87,1149.0,2025-04-17T16:48:03.138Z,221121111112121212212212111222,1,1,0,0,1,0,0,0,0,0,0,1,0,1,0,1,0,1,1,0,1,1,0,1,0,0,0,1,1,1
88,1113.0,2025-04-17T16:48:52.696Z,111111111111111211212211211211,0,0,0,0,0,0,0,0,0,0,0,0,0,0,0,1,0,0,1,0,1,1,0,0,1,0,0,1,0,0
89,1167.0,2025-04-17T16:49:17.421Z,221111111111111111211221111111,1,1,0,0,0,0,0,0,0,0,0,0,0,0,0,0,0,0,1,0,0,1,1,0,0,0,0,0,0,0
90,1100.0,2025-04-17T16:49:45.207Z,111112211211211121212111111111,0,0,0,0,0,1,1,0,0,1,0,0,1,0,0,0,1,0,1,0,1,0,0,0,0,0,0,0,0,0
91,1024.0,2025-04-17T16:50:19.161Z,211111111111211121112111111212,1,0,0,0,0,0,0,0,0,0,0,0,1,0,0,0,1,0,0,0,1,0,0,0,0,0,0,1,0,1
92,1232.0,2025-04-17T16:50:46.315Z,222221111111211121222111111212,1,1,1,1,1,0,0,0,0,0,0,0,1,0,0,0,1,0,1,1,1,0,0,0,0,0,0,1,0,1
93,1105.0,2025-04-17T16:51:34.668Z,121221111111111111212111111111,0,1,0,1,1,0,0,0,0,0,0,0,0,0,0,0,0,0,1,0,1,0,0,0,0,0,0,0,0,0
94,1172.0,2025-04-17T16:52:33.806Z,221111121121121122221212211111,1,1,0,0,0,0,0,1,0,0,1,0,0,1,0,0,1,1,1,1,0,1,0,1,1,0,0,0,0,0
95,1080.0,2025-04-17T16:53:06.683Z,111211221121211222111111212212,0,0,0,1,0,0,1,1,0,0,1,0,1,0,0,1,1,1,0,0,0,0,0,0,1,0,1,1,0,1
96,1255.0,2025-04-17T16:53:33.222Z,212121221121211212121112211121,1,0,1,0,1,0,1,1,0,0,1,0,1,0,0,1,0,1,0,1,0,0,0,1,1,0,0,0,1,0
97,1252.0,2025-04-17T16:54:14.876Z,111111111112111112112212111111,0,0,0,0,0,0,0,0,0,0,0,1,0,0,0,0,0,1,0,0,1,1,0,1,0,0,0,0,0,0
98,1032.0,2025-04-17T16:54:42.525Z,222121121211221121222211121111,1,1,1,0,1,0,0,1,0,1,0,0,1,1,0,0,1,0,1,1,1,1,0,0,0,1,0,0,0,0
99,1065.0,2025-04-17T16:55:13.049Z,122121122222222112211222211112,0,1,1,0,1,0,0,1,1,1,1,1,1,1,1,0,0,1,1,0,0,1,1,1,1,0,0,0,0,1
100,952.0,2025-04-17T16:55:44.963Z,211121112222212122111211111111,1,0,0,0,1,0,0,0,1,1,1,1,1,0,1,0,1,1,0,0,0,1,0,0,0,0,0,0,0,0
101,1148.0,2025-04-17T16:56:12.686Z,111121121122222112222222222222,0,0,0,0,1,0,0,1,0,0,1,1,1,1,1,0,0,1,1,1,1,1,1,1,1,1,1,1,1,1
102,1180.0,2025-04-17T16:56:36.680Z,222221222221121222221222212222,1,1,1,1,1,0,1,1,1,1,1,0,0,1,0,1,1,1,1,1,0,1,1,1,1,0,1,1,1,1
103,1042.0,2025-04-17T16:57:10.803Z,221221222211212121112112111121,1,1,0,1,1,0,1,1,1,1,0,0,1,0,1,0,1,0,0,0,1,0,0,1,0,0,0,0,1,0
104,1141.0,2025-04-17T16:58:29.541Z,221121121111211112222222121222,1,1,0,0,1,0,0,1,0,0,0,0,1,0,0,0,0,1,1,1,1,1,1,1,0,1,0,1,1,1
105,1717.0,2025-04-17T16:59:51.870Z,222221122112221112222212211111,1,1,1,1,1,0,0,1,1,0,0,1,1,1,0,0,0,1,1,1,1,1,0,1,1,0,0,0,0,0
106,1020.0,2025-04-17T17:00:15.345Z,111122122221211122111211111111,0,0,0,0,1,1,0,1,1,1,1,0,1,0,0,0,1,1,0,0,0,1,0,0,0,0,0,0,0,0
108,1182.0,2025-04-17T17:01:41.196Z,111122122222211212222121222222,0,0,0,0,1,1,0,1,1,1,1,1,1,0,0,1,0,1,1,1,1,0,1,0,1,1,1,1,1,1
109,1001.0,2025-04-17T17:02:10.966Z,121221122221211122112212221221,0,1,0,1,1,0,0,1,1,1,1,0,1,0,0,0,1,1,0,0,1,1,0,1,1,1,0,1,1,0
111,1151.0,2025-04-17T17:03:16.195Z,121212211112221111112121121222,0,1,0,1,0,1,1,0,0,0,0,1,1,1,0,0,0,0,0,0,1,0,1,0,0,1,0,1,1,1
112,1199.0,2025-04-17T17:03:51.959Z,121221122211221222121212121111,0,1,0,1,1,0,0,1,1,1,0,0,1,1,0,1,1,1,0,1,0,1,0,1,0,1,0,0,0,0
113,1006.0,2025-04-17T17:04:21.862Z,221121121121111122122111121111,1,1,0,0,1,0,0,1,0,0,1,0,0,0,0,0,1,1,0,1,1,0,0,0,0,1,0,0,0,0
115,1146.0,2025-04-17T17:05:22.288Z,221121121222122112112111111121,1,1,0,0,1,0,0,1,0,1,1,1,0,1,1,0,0,1,0,0,1,0,0,0,0,0,0,0,1,0
116,1176.0,2025-04-17T17:05:48.461Z,211121222211221122212111221121,1,0,0,0,1,0,1,1,1,1,0,0,1,1,0,0,1,1,1,0,1,0,0,0,1,1,0,0,1,0
117,1034.0,2025-04-17T17:07:45.656Z,121221121212211121212121211121,0,1,0,1,1,0,0,1,0,1,0,1,1,0,0,0,1,0,1,0,1,0,1,0,1,0,0,0,1,0
119,1136.0,2025-04-17T17:08:51.068Z,122112222222111121111111111111,0,1,1,0,0,1,1,1,1,1,1,1,0,0,0,0,1,0,0,0,0,0,0,0,0,0,0,0,0,0
121,1095.0,2025-04-17T17:10:21.919Z,221121122222212122112211121111,1,1,0,0,1,0,0,1,1,1,1,1,1,0,1,0,1,1,0,0,1,1,0,0,0,1,0,0,0,0
122,1220.0,2025-04-17T17:10:53.986Z,221112222222222112211112111111,1,1,0,0,0,1,1,1,1,1,1,1,1,1,1,0,0,1,1,0,0,0,0,1,0,0,0,0,0,0
123,1058.0,2025-04-17T17:11:23.153Z,121121212211211121111112121111,0,1,0,0,1,0,1,0,1,1,0,0,1,0,0,0,1,0,0,0,0,0,0,1,0,1,0,0,0,0
124,713.0,2025-04-17T17:12:00.915Z,211211222211221211111212222112,1,0,0,1,0,0,1,1,1,1,0,0,1,1,0,1,0,0,0,0,0,1,0,1,1,1,1,0,0,1
125,1116.0,2025-04-17T17:12:32.635Z,222221111121111122222121121222,1,1,1,1,1,0,0,0,0,0,1,0,0,0,0,0,1,1,1,1,1,0,1,0,0,1,0,1,1,1
126,1369.0,2025-04-17T17:14:04.332Z,122211222212111122222121222222,0,1,1,1,0,0,1,1,1,1,0,1,0,0,0,0,1,1,1,1,1,0,1,0,1,1,1,1,1,1
127,1900.0,2025-04-17T17:14:37.570Z,211211221122211122121211211221,1,0,0,1,0,0,1,1,0,0,1,1,1,0,0,0,1,1,0,1,0,1,0,0,1,0,0,1,1,0
128,1367.0,2025-04-17T17:15:06.117Z,211212221122211112222222222222,1,0,0,1,0,1,1,1,0,0,1,1,1,0,0,0,0,1,1,1,1,1,1,1,1,1,1,1,1,1
129,1376.0,2025-04-17T17:15:36.171Z,221122222221111122222222222222,1,1,0,0,1,1,1,1,1,1,1,0,0,0,0,0,1,1,1,1,1,1,1,1,1,1,1,1,1,1
130,1281.0,2025-04-17T17:16:02.677Z,121121121222222122222222222222,0,1,0,0,1,0,0,1,0,1,1,1,1,1,1,0,1,1,1,1,1,1,1,1,1,1,1,1,1,1
131,1263,2025-04-17T07:54:57.562Z,211212121122221122222111212111,1,0,0,1,0,1,0,1,0,0,1,1,1,1,0,0,1,1,1,1,1,0,0,0,1,0,1,0,0,0
132,1339,2025-04-17T07:57:23.913Z,221121111212211122222112121221,1,1,0,0,1,0,0,0,0,1,0,1,1,0,0,0,1,1,1,1,1,0,0,1,0,1,0,1,1,0
133,1139,2025-04-17T07:59:43.089Z,221222221211111122221111112122,1,1,0,1,1,1,1,1,0,1,0,0,0,0,0,0,1,1,1,1,0,0,0,0,0,0,1,0,1,1
134,1277,2025-04-17T08:01:50.761Z,212121111211111212212222122222,1,0,1,0,1,0,0,0,0,1,0,0,0,0,0,1,0,1,1,0,1,1,1,1,0,1,1,1,1,1
135,1266,2025-04-17T08:05:48.105Z,211111222111212221122122222222,1,0,0,0,0,0,1,1,1,0,0,0,1,0,1,1,1,0,0,1,1,0,1,1,1,1,1,1,1,1
136,238,2025-04-17T08:08:22.809Z,222221121111211112222112122221,1,1,1,1,1,0,0,1,0,0,0,0,1,0,0,0,0,1,1,1,1,0,0,1,0,1,1,1,1,0
137,239,2025-04-17T08:12:01.168Z,221121121122221212222212211222,1,1,0,0,1,0,0,1,0,0,1,1,1,1,0,1,0,1,1,1,1,1,0,1,1,0,0,1,1,1
138,1415,2025-04-17T08:13:55.760Z,211111122222222112212211222222,1,0,0,0,0,0,0,1,1,1,1,1,1,1,1,0,0,1,1,0,1,1,0,0,1,1,1,1,1,1
139,228,2025-04-17T08:20:57.576Z,221121111122222111221211221111,1,1,0,0,1,0,0,0,0,0,1,1,1,1,1,0,0,0,1,1,0,1,0,0,1,1,0,0,0,0
140,1413,2025-04-17T08:22:34.528Z,211111111221221112222111211111,1,0,0,0,0,0,0,0,0,1,1,0,1,1,0,0,0,1,1,1,1,0,0,0,1,0,0,0,0,0
141,910,2025-04-17T08:24:33.640Z,221121112221111112212221221222,1,1,0,0,1,0,0,0,1,1,1,0,0,0,0,0,0,1,1,0,1,1,1,0,1,1,0,1,1,1
142,1271,2025-04-17T08:26:09.264Z,221121222211111122212112111121,1,1,0,0,1,0,1,1,1,1,0,0,0,0,0,0,1,1,1,0,1,0,0,1,0,0,0,0,1,0
143,1258,2025-04-17T08:27:16.471Z,211121121222222121122112111121,1,0,0,0,1,0,0,1,0,1,1,1,1,1,1,0,1,0,0,1,1,0,0,1,0,0,0,0,1,0
144,1260,2025-04-17T08:28:03.359Z,211221122111211122122212122221,1,0,0,1,1,0,0,1,1,0,0,0,1,0,0,0,1,1,0,1,1,1,0,1,0,1,1,1,1,0
145,1217,2025-04-17T08:30:34.935Z,221111122212112122212212112111,1,1,0,0,0,0,0,1,1,1,0,1,0,0,1,0,1,1,1,0,1,1,0,1,0,0,1,0,0,0
146,1272,2025-04-17T08:33:21.527Z,221121111112112112222111111111,1,1,0,0,1,0,0,0,0,0,0,1,0,0,1,0,0,1,1,1,1,0,0,0,0,0,0,0,0,0
147,838,2025-04-17T08:35:09.655Z,211221122111121112112112111111,1,0,0,1,1,0,0,1,1,0,0,0,0,1,0,0,0,1,0,0,1,0,0,1,0,0,0,0,0,0
148,1324,2025-04-17T08:37:34.631Z,111112221111121122211111111111,0,0,0,0,0,1,1,1,0,0,0,0,0,1,0,0,1,1,1,0,0,0,0,0,0,0,0,0,0,0
149,1333,2025-04-17T08:40:52.103Z,211112121212221211111112111111,1,0,0,0,0,1,0,1,0,1,0,1,1,1,0,1,0,0,0,0,0,0,0,1,0,0,0,0,0,0
150,1395,2025-04-17T08:41:54.111Z,121221121212122222121112211111,0,1,0,1,1,0,0,1,0,1,0,1,0,1,1,1,1,1,0,1,0,0,0,1,1,0,0,0,0,0
151,1407,2025-04-17T08:42:43.535Z,111221122212121121112222111211,0,0,0,1,1,0,0,1,1,1,0,1,0,1,0,0,1,0,0,0,1,1,1,1,0,0,0,1,0,0
152,1313,2025-04-17T08:44:02.775Z,222222121122222121221222222222,1,1,1,1,1,1,0,1,0,0,1,1,1,1,1,0,1,0,1,1,0,1,1,1,1,1,1,1,1,1
153,1323,2025-04-17T08:45:03.438Z,211211222212111221112211222111,1,0,0,1,0,0,1,1,1,1,0,1,0,0,0,1,1,0,0,0,1,1,0,0,1,1,1,0,0,0
154,1431,2025-04-17T08:45:49.758Z,222221222222221122222222222222,1,1,1,1,1,0,1,1,1,1,1,1,1,1,0,0,1,1,1,1,1,1,1,1,1,1,1,1,1,1
155,1429,2025-04-17T08:46:29.502Z,221121122211111111112211121211,1,1,0,0,1,0,0,1,1,1,0,0,0,0,0,0,0,0,0,0,1,1,0,0,0,1,0,1,0,0
156,1426,2025-04-17T08:47:23.270Z,221221122122212121222222222222,1,1,0,1,1,0,0,1,1,0,1,1,1,0,1,0,1,0,1,1,1,1,1,1,1,1,1,1,1,1
157,1418,2025-04-17T08:47:59.670Z,221221112112222221211111211121,1,1,0,1,1,0,0,0,1,0,0,1,1,1,1,1,1,0,1,0,0,0,0,0,1,0,0,0,1,0
158,1421,2025-04-17T08:49:10.670Z,221111222221221122112222221222,1,1,0,0,0,0,1,1,1,1,1,0,1,1,0,0,1,1,0,0,1,1,1,1,1,1,0,1,1,1
159,1427,2025-04-17T08:49:48.542Z,211121121112222122121211111111,1,0,0,0,1,0,0,1,0,0,0,1,1,1,1,0,1,1,0,1,0,1,0,0,0,0,0,0,0,0
160,1437,2025-04-17T08:50:38.790Z,222221121222221211221211111111,1,1,1,1,1,0,0,1,0,1,1,1,1,1,0,1,0,0,1,1,0,1,0,0,0,0,0,0,0,0
161,1411,2025-04-17T08:51:46.494Z,221121121111111122121111221122,1,1,0,0,1,0,0,1,0,0,0,0,0,0,0,0,1,1,0,1,0,0,0,0,1,1,0,0,1,1
162,1436,2025-04-17T08:52:30.742Z,211111121222222222221212211111,1,0,0,0,0,0,0,1,0,1,1,1,1,1,1,1,1,1,1,1,0,1,0,1,1,0,0,0,0,0
163,1420,2025-04-17T08:53:30.886Z,211211122111211222212111211111,1,0,0,1,0,0,0,1,1,0,0,0,1,0,0,1,1,1,1,0,1,0,0,0,1,0,0,0,0,0
164,1419,2025-04-17T08:54:03.950Z,222121222222222122222222222222,1,1,1,0,1,0,1,1,1,1,1,1,1,1,1,0,1,1,1,1,1,1,1,1,1,1,1,1,1,1
165,1246,2025-04-17T08:55:23.126Z,211221212111211111221211121121,1,0,0,1,1,0,1,0,1,0,0,0,1,0,0,0,0,0,1,1,0,1,0,0,0,1,0,0,1,0
166,1004,2025-04-17T08:56:04.358Z,221121122222212122122112112112,1,1,0,0,1,0,0,1,1,1,1,1,1,0,1,0,1,1,0,1,1,0,0,1,0,0,1,0,0,1
167,405,2025-04-17T08:56:51.766Z,221122122212212222222121222121,1,1,0,0,1,1,0,1,1,1,0,1,1,0,1,1,1,1,1,1,1,0,1,0,1,1,1,0,1,0
168,1417,2025-04-17T08:57:27.494Z,222121111211111111112112122222,1,1,1,0,1,0,0,0,0,1,0,0,0,0,0,0,0,0,0,0,1,0,0,1,0,1,1,1,1,1
169,1430,2025-04-17T08:58:26.230Z,111211112112122111112111121111,0,0,0,1,0,0,0,0,1,0,0,1,0,1,1,0,0,0,0,0,1,0,0,0,0,1,0,0,0,0
170,1412,2025-04-17T08:59:05.150Z,121221121111211111112122121222,0,1,0,1,1,0,0,1,0,0,0,0,1,0,0,0,0,0,0,0,1,0,1,1,0,1,0,1,1,1
171,1409,2025-04-17T08:59:44.766Z,211222222221211122121111212111,1,0,0,1,1,1,1,1,1,1,1,0,1,0,0,0,1,1,0,1,0,0,0,0,1,0,1,0,0,0
172,1025,2025-04-17T09:00:32.854Z,111211111212222211111111111111,0,0,0,1,0,0,0,0,0,1,0,1,1,1,1,1,0,0,0,0,0,0,0,0,0,0,0,0,0,0
173,834,2025-04-17T09:01:12.302Z,211111222112222222211211211111,1,0,0,0,0,0,1,1,1,0,0,1,1,1,1,1,1,1,1,0,0,1,0,0,1,0,0,0,0,0
174,1270,2025-04-17T09:01:55.533Z,211122222222222122211112122222,1,0,0,0,1,1,1,1,1,1,1,1,1,1,1,0,1,1,1,0,0,0,0,1,0,1,1,1,1,1
175,1298,2025-04-17T09:02:28.813Z,112111111121212112121112112211,0,0,1,0,0,0,0,0,0,0,1,0,1,0,1,0,0,1,0,1,0,0,0,1,0,0,1,1,0,0
176,240,2025-04-17T09:03:02.909Z,212112221111111221111211112212,1,0,1,0,0,1,1,1,0,0,0,0,0,0,0,1,1,0,0,0,0,1,0,0,0,0,1,1,0,1
177,248,2025-04-17T09:03:55.389Z,211111112212121211221121211111,1,0,0,0,0,0,0,0,1,1,0,1,0,1,0,1,0,0,1,1,0,0,1,0,1,0,0,0,0,0
178,1275,2025-04-17T09:04:41.333Z,211122222222222122221111212222,1,0,0,0,1,1,1,1,1,1,1,1,1,1,1,0,1,1,1,1,0,0,0,0,1,0,1,1,1,1
179,1424,2025-04-17T09:05:54.517Z,222221212121212221122122222221,1,1,1,1,1,0,1,0,1,0,1,0,1,0,1,1,1,0,0,1,1,0,1,1,1,1,1,1,1,0
180,236,2025-04-17T09:06:36.893Z,222222121222122122122111111111,1,1,1,1,1,1,0,1,0,1,1,1,0,1,1,0,1,1,0,1,1,0,0,0,0,0,0,0,0,0
181,216,2025-04-17T09:07:22.765Z,221121111111212122212221212211,1,1,0,0,1,0,0,0,0,0,0,0,1,0,1,0,1,1,1,0,1,1,1,0,1,0,1,1,0,0
182,306,2025-04-17T09:07:52.829Z,221121222112112222211212211121,1,1,0,0,1,0,1,1,1,0,0,1,0,0,1,1,1,1,1,0,0,1,0,1,1,0,0,0,1,0
183,317,2025-04-17T09:08:26.077Z,221121122112212122112112221111,1,1,0,0,1,0,0,1,1,0,0,1,1,0,1,0,1,1,0,0,1,0,0,1,1,1,0,0,0,0
184,187,2025-04-17T09:09:05.645Z,222221121112212212211112211111,1,1,1,1,1,0,0,1,0,0,0,1,1,0,1,1,0,1,1,0,0,0,0,1,1,0,0,0,0,0
185,1414,2025-04-17T09:09:38.421Z,221221122212212212222222222222,1,1,0,1,1,0,0,1,1,1,0,1,1,0,1,1,0,1,1,1,1,1,1,1,1,1,1,1,1,1
186,266,2025-04-17T09:10:26.885Z,111111112212122222211111211111,0,0,0,0,0,0,0,0,1,1,0,1,0,1,1,1,1,1,1,0,0,0,0,0,1,0,0,0,0,0
187,330,2025-04-17T09:11:21.341Z,221221122122221122222111211121,1,1,0,1,1,0,0,1,1,0,1,1,1,1,0,0,1,1,1,1,1,0,0,0,1,0,0,0,1,0
188,222,2025-04-17T09:11:57.469Z,221221222222221122222112221221,1,1,0,1,1,0,1,1,1,1,1,1,1,1,0,0,1,1,1,1,1,0,0,1,1,1,0,1,1,0
189,226,2025-04-17T09:12:33.038Z,221121222212121212222212211211,1,1,0,0,1,0,1,1,1,1,0,1,0,1,0,1,0,1,1,1,1,1,0,1,1,0,0,1,0,0
190,275,2025-04-17T09:13:23.581Z,211111222211211121112122122221,1,0,0,0,0,0,1,1,1,1,0,0,1,0,0,0,1,0,0,0,1,0,1,1,0,1,1,1,1,0
192,261,2025-04-17T09:19:13.917Z,211121121222222112221211111111,1,0,0,0,1,0,0,1,0,1,1,1,1,1,1,0,0,1,1,1,0,1,0,0,0,0,0,0,0,0
193,259,2025-04-17T09:21:36.005Z,211111111111111121211111111121,1,0,0,0,0,0,0,0,0,0,0,0,0,0,0,0,1,0,1,0,0,0,0,0,0,0,0,0,1,0
194,262,2025-04-17T09:23:12.740Z,211121111111111111211111111111,1,0,0,0,1,0,0,0,0,0,0,0,0,0,0,0,0,0,1,0,0,0,0,0,0,0,0,0,0,0
195,252,2025-04-17T09:25:00.772Z,212121111112222212222212222212,1,0,1,0,1,0,0,0,0,0,0,1,1,1,1,1,0,1,1,1,1,1,0,1,1,1,1,1,0,1
196,268,2025-04-17T09:26:06.052Z,211121111112222221221112111112,1,0,0,0,1,0,0,0,0,0,0,1,1,1,1,1,1,0,1,1,0,0,0,1,0,0,0,0,0,1
197,283,2025-04-17T09:29:41.588Z,121221222212112112122112211211,0,1,0,1,1,0,1,1,1,1,0,1,0,0,1,0,0,1,0,1,1,0,0,1,1,0,0,1,0,0
198,289,2025-04-17T09:31:15.812Z,221221222211212122222222221222,1,1,0,1,1,0,1,1,1,1,0,0,1,0,1,0,1,1,1,1,1,1,1,1,1,1,0,1,1,1
199,178,2025-04-17T09:34:51.076Z,221111121122221111122111212111,1,1,0,0,0,0,0,1,0,0,1,1,1,1,0,0,0,0,0,1,1,0,0,0,1,0,1,0,0,0
200,172,2025-04-17T09:36:26.460Z,211221122112221211222221221222,1,0,0,1,1,0,0,1,1,0,0,1,1,1,0,1,0,0,1,1,1,1,1,0,1,1,0,1,1,1
201,173,2025-04-17T09:38:16.491Z,211121122212122122212222121222,1,0,0,0,1,0,0,1,1,1,0,1,0,1,1,0,1,1,1,0,1,1,1,1,0,1,0,1,1,1
202,176,2025-04-17T09:41:54.739Z,221121121122222112212211222122,1,1,0,0,1,0,0,1,0,0,1,1,1,1,1,0,0,1,1,0,1,1,0,0,1,1,1,0,1,1
203,174,2025-04-17T09:43:46.579Z,221121221111211121112111222111,1,1,0,0,1,0,1,1,0,0,0,0,1,0,0,0,1,0,0,0,1,0,0,0,1,1,1,0,0,0
204,175,2025-04-17T09:44:45.755Z,212211212211112221111111212111,1,0,1,1,0,0,1,0,1,1,0,0,0,0,1,1,1,0,0,0,0,0,0,0,1,0,1,0,0,0
205,162,2025-04-17T09:46:16.019Z,121111121112112211222111111112,0,1,0,0,0,0,0,1,0,0,0,1,0,0,1,1,0,0,1,1,1,0,0,0,0,0,0,0,0,1
206,169,2025-04-17T09:50:15.859Z,221121122111211112222111111211,1,1,0,0,1,0,0,1,1,0,0,0,1,0,0,0,0,1,1,1,1,0,0,0,0,0,0,1,0,0
207,179,2025-04-17T09:51:43.067Z,212212222221122222121111212121,1,0,1,1,0,1,1,1,1,1,1,0,0,1,1,1,1,1,0,1,0,0,0,0,1,0,1,0,1,0
208,336,2025-04-17T09:52:41.659Z,211111111112121211111111111111,1,0,0,0,0,0,0,0,0,0,0,1,0,1,0,1,0,0,0,0,0,0,0,0,0,0,0,0,0,0
209,166,2025-04-17T09:53:52.155Z,211111111122222211111111111111,1,0,0,0,0,0,0,0,0,0,1,1,1,1,1,1,0,0,0,0,0,0,0,0,0,0,0,0,0,0
210,170,2025-04-17T09:54:43.635Z,121221222222211121222222222112,0,1,0,1,1,0,1,1,1,1,1,1,1,0,0,0,1,0,1,1,1,1,1,1,1,1,1,0,0,1
211,171,2025-04-17T09:56:54.250Z,222222221122222212221221222112,1,1,1,1,1,1,1,1,0,0,1,1,1,1,1,1,0,1,1,1,0,1,1,0,1,1,1,0,0,1
212,159,2025-04-17T10:00:07.354Z,211121121111111111112111112211,1,0,0,0,1,0,0,1,0,0,0,0,0,0,0,0,0,0,0,0,1,0,0,0,0,0,1,1,0,0
213,180,2025-04-17T10:00:52.170Z,222221212222222111212212211122,1,1,1,1,1,0,1,0,1,1,1,1,1,1,1,0,0,0,1,0,1,1,0,1,1,0,0,0,1,1
214,164,2025-04-17T10:01:41.266Z,211211212212212212212212212121,1,0,0,1,0,0,1,0,1,1,0,1,1,0,1,1,0,1,1,0,1,1,0,1,1,0,1,0,1,0
215,152,2025-04-17T10:04:09.506Z,111121222111211121212211211111,0,0,0,0,1,0,1,1,1,0,0,0,1,0,0,0,1,0,1,0,1,1,0,0,1,0,0,0,0,0
216,194,2025-04-17T10:04:42.802Z,121111122221211111211111212112,0,1,0,0,0,0,0,1,1,1,1,0,1,0,0,0,0,0,1,0,0,0,0,0,1,0,1,0,0,1
217,160,2025-04-17T10:06:03.426Z,212121112211211112222212211221,1,0,1,0,1,0,0,0,1,1,0,0,1,0,0,0,0,1,1,1,1,1,0,1,1,0,0,1,1,0
218,157,2025-04-17T10:06:50.082Z,222221221122121122212211112212,1,1,1,1,1,0,1,1,0,0,1,1,0,1,0,0,1,1,1,0,1,1,0,0,0,0,1,1,0,1
219,156,2025-04-17T10:08:36.666Z,221121111111111121212211222212,1,1,0,0,1,0,0,0,0,0,0,0,0,0,0,0,1,0,1,0,1,1,0,0,1,1,1,1,0,1
220,167,2025-04-17T10:09:05.378Z,212222211112211122211121122122,1,0,1,1,1,1,1,0,0,0,0,1,1,0,0,0,1,1,1,0,0,0,1,0,0,1,1,0,1,1
221,163,2025-04-17T10:18:52.505Z,121121122111111121222221122212,0,1,0,0,1,0,0,1,1,0,0,0,0,0,0,0,1,0,1,1,1,1,1,0,0,1,1,1,0,1
222,232,2025-04-17T10:20:46.041Z,221121121112121121222211112111,1,1,0,0,1,0,0,1,0,0,0,1,0,1,0,0,1,0,1,1,1,1,0,0,0,0,1,0,0,0
223,151,2025-04-17T10:25:46.721Z,221121122222122121222111121111,1,1,0,0,1,0,0,1,1,1,1,1,0,1,1,0,1,0,1,1,1,0,0,0,0,1,0,0,0,0
224,154,2025-04-17T10:28:09.049Z,211112221111111111112112111111,1,0,0,0,0,1,1,1,0,0,0,0,0,0,0,0,0,0,0,0,1,0,0,1,0,0,0,0,0,0
225,335,2025-04-17T10:29:19.193Z,221221111211122221211222122121,1,1,0,1,1,0,0,0,0,1,0,0,0,1,1,1,1,0,1,0,0,1,1,1,0,1,1,0,1,0
226,1346,2025-04-17T10:30:33.985Z,222212222211222122221222122222,1,1,1,1,0,1,1,1,1,1,0,0,1,1,1,0,1,1,1,1,0,1,1,1,0,1,1,1,1,1
227,1369,2025-04-17T10:31:59.441Z,122122122212211222211121212122,0,1,1,0,1,1,0,1,1,1,0,1,1,0,0,1,1,1,1,0,0,0,1,0,1,0,1,0,1,1
228,1900,2025-04-17T10:32:50.408Z,211211221122121112212211122122,1,0,0,1,0,0,1,1,0,0,1,1,0,1,0,0,0,1,1,0,1,1,0,0,0,1,1,0,1,1
229,1375,2025-04-17T10:33:24.488Z,221122222222111112222222222222,1,1,0,0,1,1,1,1,1,1,1,1,0,0,0,0,0,1,1,1,1,1,1,1,1,1,1,1,1,1
230,1367,2025-04-17T10:34:00.488Z,211212221122211112222222222222,1,0,0,1,0,1,1,1,0,0,1,1,1,0,0,0,0,1,1,1,1,1,1,1,1,1,1,1,1,1
231,205,2025-04-17T10:42:07.496Z,211122111122221112211111121111,1,0,0,0,1,1,0,0,0,0,1,1,1,1,0,0,0,1,1,0,0,0,0,0,0,1,0,0,0,0
232,210,2025-04-17T10:43:36.784Z,211121122122211222222112221211,1,0,0,0,1,0,0,1,1,0,1,1,1,0,0,1,1,1,1,1,1,0,0,1,1,1,0,1,0,0
233,195,2025-04-17T10:44:49.632Z,211121111221121112221212212121,1,0,0,0,1,0,0,0,0,1,1,0,0,1,0,0,0,1,1,1,0,1,0,1,1,0,1,0,1,0
234,206,2025-04-17T10:45:37.040Z,221222121221211122122222222221,1,1,0,1,1,1,0,1,0,1,1,0,1,0,0,0,1,1,0,1,1,1,1,1,1,1,1,1,1,0
235,188,2025-04-17T10:46:48.040Z,221121212212111122222222222212,1,1,0,0,1,0,1,0,1,1,0,1,0,0,0,0,1,1,1,1,1,1,1,1,1,1,1,1,0,1
236,199,2025-04-17T10:47:37.192Z,211122111111111122222222222221,1,0,0,0,1,1,0,0,0,0,0,0,0,0,0,0,1,1,1,1,1,1,1,1,1,1,1,1,1,0
237,192,2025-04-17T10:48:25.320Z,222222221212221122222222222222,1,1,1,1,1,1,1,1,0,1,0,1,1,1,0,0,1,1,1,1,1,1,1,1,1,1,1,1,1,1
238,201,2025-04-17T10:49:23.535Z,222222222122221122222222222222,1,1,1,1,1,1,1,1,1,0,1,1,1,1,0,0,1,1,1,1,1,1,1,1,1,1,1,1,1,1
239,207,2025-04-17T11:11:19.463Z,222221121112221112222222222222,1,1,1,1,1,0,0,1,0,0,0,1,1,1,0,0,0,1,1,1,1,1,1,1,1,1,1,1,1,1
240,182,2025-04-17T11:12:26.614Z,221221212111212222112212221111,1,1,0,1,1,0,1,0,1,0,0,0,1,0,1,1,1,1,0,0,1,1,0,1,1,1,0,0,0,0
241,202,2025-04-17T11:13:47.862Z,221111222121222111211112111221,1,1,0,0,0,0,1,1,1,0,1,0,1,1,1,0,0,0,1,0,0,0,0,1,0,0,0,1,1,0
242,149,2025-04-17T11:15:35.334Z,221221122112221122222222221211,1,1,0,1,1,0,0,1,1,0,0,1,1,1,0,0,1,1,1,1,1,1,1,1,1,1,0,1,0,0
243,189,2025-04-17T11:17:40.782Z,211121121122122122221211121111,1,0,0,0,1,0,0,1,0,0,1,1,0,1,1,0,1,1,1,1,0,1,0,0,0,1,0,0,0,0
244,203,2025-04-17T11:19:33.718Z,211122122122221122222222221121,1,0,0,0,1,1,0,1,1,0,1,1,1,1,0,0,1,1,1,1,1,1,1,1,1,1,0,0,1,0
245,208,2025-04-17T11:20:37.102Z,111111111111111212221111221111,0,0,0,0,0,0,0,0,0,0,0,0,0,0,0,1,0,1,1,1,0,0,0,0,1,1,0,0,0,0
246,184,2025-04-17T11:21:34.374Z,121121121112111212222122112111,0,1,0,0,1,0,0,1,0,0,0,1,0,0,0,1,0,1,1,1,1,0,1,1,0,0,1,0,0,0
247,332,2025-04-17T11:22:47.502Z,221122122111111122222222221221,1,1,0,0,1,1,0,1,1,0,0,0,0,0,0,0,1,1,1,1,1,1,1,1,1,1,0,1,1,0
249,190,2025-04-17T11:24:27.333Z,122212212212112211112221211221,0,1,1,1,0,1,1,0,1,1,0,1,0,0,1,1,0,0,0,0,1,1,1,0,1,0,0,1,1,0
250,186,2025-04-17T11:25:20.726Z,211112222111212122211211212122,1,0,0,0,0,1,1,1,1,0,0,0,1,0,1,0,1,1,1,0,0,1,0,0,1,0,1,0,1,1
251,183,2025-04-17T11:26:05.085Z,221121122222122111221111111121,1,1,0,0,1,0,0,1,1,1,1,1,0,1,1,0,0,0,1,1,0,0,0,0,0,0,0,0,1,0
252,204,2025-04-17T11:26:37.341Z,221121211211122212111221112121,1,1,0,0,1,0,1,0,0,1,0,0,0,1,1,1,0,1,0,0,0,1,1,0,0,0,1,0,1,0
253,196,2025-04-17T11:27:23.893Z,211122122122211222122121121111,1,0,0,0,1,1,0,1,1,0,1,1,1,0,0,1,1,1,0,1,1,0,1,0,0,1,0,0,0,0
254,217,2025-04-17T11:28:07.285Z,211121122121112111121222112212,1,0,0,0,1,0,0,1,1,0,1,0,0,0,1,0,0,0,0,1,0,1,1,1,0,0,1,1,0,1
255,303,2025-04-17T11:28:57.557Z,221121122111222111112211121222,1,1,0,0,1,0,0,1,1,0,0,0,1,1,1,0,0,0,0,0,1,1,0,0,0,1,0,1,1,1
256,181,2025-04-17T11:51:30.692Z,211121121221111122111111221121,1,0,0,0,1,0,0,1,0,1,1,0,0,0,0,0,1,1,0,0,0,0,0,0,1,1,0,0,1,0
257,198,2025-04-17T11:58:18.963Z,111221222211211122221112221121,0,0,0,1,1,0,1,1,1,1,0,0,1,0,0,0,1,1,1,1,0,0,0,1,1,1,0,0,1,0
258,197,2025-04-17T11:59:33.172Z,211122121122221122222222221111,1,0,0,0,1,1,0,1,0,0,1,1,1,1,0,0,1,1,1,1,1,1,1,1,1,1,0,0,0,0
259,295,2025-04-17T12:04:31.043Z,221221211211111111122211222111,1,1,0,1,1,0,1,0,0,1,0,0,0,0,0,0,0,0,0,1,1,1,0,0,1,1,1,0,0,0
260,non,2025-04-17T12:05:54.171Z,211211222222221212211112211111,1,0,0,1,0,0,1,1,1,1,1,1,1,1,0,1,0,1,1,0,0,0,0,1,1,0,0,0,0,0
261,274,2025-04-17T12:07:55.235Z,111211122212111222122212122122,0,0,0,1,0,0,0,1,1,1,0,1,0,0,0,1,1,1,0,1,1,1,0,1,0,1,1,0,1,1
262,1033,2025-04-18T05:57:30.164Z,211111221112211222121212112111,1,0,0,0,0,0,1,1,0,0,0,1,1,0,0,1,1,1,0,1,0,1,0,1,0,0,1,0,0,0
263,1190,2025-04-18T05:58:44.348Z,212121111212222221111211112111,1,0,1,0,1,0,0,0,0,1,0,1,1,1,1,1,1,0,0,0,0,1,0,0,0,0,1,0,0,0
264,1067,2025-04-18T05:59:33.164Z,211211121222212212222112112111,1,0,0,1,0,0,0,1,0,1,1,1,1,0,1,1,0,1,1,1,1,0,0,1,0,0,1,0,0,0
265,1061,2025-04-18T06:00:21.812Z,221211222212222221222221211211,1,1,0,1,0,0,1,1,1,1,0,1,1,1,1,1,1,0,1,1,1,1,1,0,1,0,0,1,0,0
266,1177,2025-04-18T06:01:07.764Z,221221221222212212122112111111,1,1,0,1,1,0,1,1,0,1,1,1,1,0,1,1,0,1,0,1,1,0,0,1,0,0,0,0,0,0
267,960,2025-04-18T06:02:24.500Z,221222222212211122222221221222,1,1,0,1,1,1,1,1,1,1,0,1,1,0,0,0,1,1,1,1,1,1,1,0,1,1,0,1,1,1
268,1185,2025-04-18T06:03:06.012Z,221221222212212122221212111111,1,1,0,1,1,0,1,1,1,1,0,1,1,0,1,0,1,1,1,1,0,1,0,1,0,0,0,0,0,0
269,1243,2025-04-18T06:03:58.396Z,212111212221211211121121111111,1,0,1,0,0,0,1,0,1,1,1,0,1,0,0,1,0,0,0,1,0,0,1,0,0,0,0,0,0,0
270,1049,2025-04-18T06:04:46.180Z,222221121121111111221222211111,1,1,1,1,1,0,0,1,0,0,1,0,0,0,0,0,0,0,1,1,0,1,1,1,1,0,0,0,0,0
271,1191,2025-04-18T06:05:55.708Z,221111121111111122111111111111,1,1,0,0,0,0,0,1,0,0,0,0,0,0,0,0,1,1,0,0,0,0,0,0,0,0,0,0,0,0
274,1000,2025-04-18T06:09:58.683Z,221221111111111122222112121212,1,1,0,1,1,0,0,0,0,0,0,0,0,0,0,0,1,1,1,1,1,0,0,1,0,1,0,1,0,1
275,1226,2025-04-18T06:11:07.651Z,211121111212222112211111111221,1,0,0,0,1,0,0,0,0,1,0,1,1,1,1,0,0,1,1,0,0,0,0,0,0,0,0,1,1,0
276,1008,2025-04-18T06:12:24.211Z,212212112221112112122221121111,1,0,1,1,0,1,0,0,1,1,1,0,0,0,1,0,0,1,0,1,1,1,1,0,0,1,0,0,0,0
277,1005,2025-04-18T06:14:28.971Z,122121111222222122221212112122,0,1,1,0,1,0,0,0,0,1,1,1,1,1,1,0,1,1,1,1,0,1,0,1,0,0,1,0,1,1
278,1115,2025-04-18T06:16:18.923Z,111121122211121112111112112111,0,0,0,0,1,0,0,1,1,1,0,0,0,1,0,0,0,1,0,0,0,0,0,1,0,0,1,0,0,0
279,1101,2025-04-18T06:17:57.547Z,111121111221221122122111111122,0,0,0,0,1,0,0,0,0,1,1,0,1,1,0,0,1,1,0,1,1,0,0,0,0,0,0,0,1,1
280,1044,2025-04-18T06:18:54.467Z,111111111111111211111111111111,0,0,0,0,0,0,0,0,0,0,0,0,0,0,0,1,0,0,0,0,0,0,0,0,0,0,0,0,0,0
281,1205,2025-04-18T06:20:17.827Z,211122221121211112211111211111,1,0,0,0,1,1,1,1,0,0,1,0,1,0,0,0,0,1,1,0,0,0,0,0,1,0,0,0,0,0
282,1216,2025-04-18T06:21:39.515Z,211122111121211112221221111111,1,0,0,0,1,1,0,0,0,0,1,0,1,0,0,0,0,1,1,1,0,1,1,0,0,0,0,0,0,0
283,1239,2025-04-18T06:25:21.531Z,211112222112221221222212212122,1,0,0,0,0,1,1,1,1,0,0,1,1,1,0,1,1,0,1,1,1,1,0,1,1,0,1,0,1,1
284,3826,2025-04-18T06:27:34.803Z,211221111111111222211111211111,1,0,0,1,1,0,0,0,0,0,0,0,0,0,0,1,1,1,1,0,0,0,0,0,1,0,0,0,0,0
285,1040,2025-04-18T06:30:08.690Z,211122121111211122221112212121,1,0,0,0,1,1,0,1,0,0,0,0,1,0,0,0,1,1,1,1,0,0,0,1,1,0,1,0,1,0
286,3954,2025-04-18T06:31:32.914Z,211122212121212121211111111111,1,0,0,0,1,1,1,0,1,0,1,0,1,0,1,0,1,0,1,0,0,0,0,0,0,0,0,0,0,0
287,1377,2025-04-18T06:46:03.114Z,121221121212122222121112211111,0,1,0,1,1,0,0,1,0,1,0,1,0,1,1,1,1,1,0,1,0,0,0,1,1,0,0,0,0,0
288,1161,2025-04-18T06:48:24.930Z,211122111111121112211212111111,1,0,0,0,1,1,0,0,0,0,0,0,0,1,0,0,0,1,1,0,0,1,0,1,0,0,0,0,0,0
289,1024,2025-04-18T06:50:38.561Z,211121111121211112222221221222,1,0,0,0,1,0,0,0,0,0,1,0,1,0,0,0,0,1,1,1,1,1,1,0,1,1,0,1,1,1
290,1145,2025-04-18T06:54:11.673Z,211112211222222122222111121212,1,0,0,0,0,1,1,0,0,1,1,1,1,1,1,0,1,1,1,1,1,0,0,0,0,1,0,1,0,1
291,1196,2025-04-18T06:55:36.793Z,211112211121212211121112221222,1,0,0,0,0,1,1,0,0,0,1,0,1,0,1,1,0,0,0,1,0,0,0,1,1,1,0,1,1,1
292,288,2025-04-18T06:57:01.849Z,222221121111212222212212221222,1,1,1,1,1,0,0,1,0,0,0,0,1,0,1,1,1,1,1,0,1,1,0,1,1,1,0,1,1,1
294,1302,2025-04-18T07:03:03.921Z,111122111221112112121112121212,0,0,0,0,1,1,0,0,0,1,1,0,0,0,1,0,0,1,0,1,0,0,0,1,0,1,0,1,0,1
295,1296,2025-04-18T07:04:42.681Z,121122111221122122222112211121,0,1,0,0,1,1,0,0,0,1,1,0,0,1,1,0,1,1,1,1,1,0,0,1,1,0,0,0,1,0
296,1288,2025-04-18T07:05:31.305Z,111122112222222122122112211121,0,0,0,0,1,1,0,0,1,1,1,1,1,1,1,0,1,1,0,1,1,0,0,1,1,0,0,0,1,0
297,1292,2025-04-18T07:06:28.121Z,221122221212111112222212211121,1,1,0,0,1,1,1,1,0,1,0,1,0,0,0,0,0,1,1,1,1,1,0,1,1,0,0,0,1,0
298,1979,2025-04-18T07:08:24.641Z,211222122222211121222112121112,1,0,0,1,1,1,0,1,1,1,1,1,1,0,0,0,1,0,1,1,1,0,0,1,0,1,0,0,0,1
299,1274,2025-04-18T07:10:26.361Z,121121121122111111112111121111,0,1,0,0,1,0,0,1,0,0,1,1,0,0,0,0,0,0,0,0,1,0,0,0,0,1,0,0,0,0
301,1264,2025-04-18T07:14:29.968Z,211211221222211112121111111111,1,0,0,1,0,0,1,1,0,1,1,1,1,0,0,0,0,1,0,1,0,0,0,0,0,0,0,0,0,0
302,1386,2025-04-18T07:16:54.624Z,211221222221111121211121221111,1,0,0,1,1,0,1,1,1,1,1,0,0,0,0,0,1,0,1,0,0,0,1,0,1,1,0,0,0,0
303,1316,2025-04-18T06:04:24.342Z,122221221111211122212111222121,0,1,1,1,1,0,1,1,0,0,0,0,1,0,0,0,1,1,1,0,1,0,0,0,1,1,1,0,1,0
304,1330,2025-04-18T06:05:18.817Z,121111121121211222222111121111,0,1,0,0,0,0,0,1,0,0,1,0,1,0,0,1,1,1,1,1,1,0,0,0,0,1,0,0,0,0
305,1332,2025-04-18T06:06:33.390Z,211112212221111222222211211111,1,0,0,0,0,1,1,0,1,1,1,0,0,0,0,1,1,1,1,1,1,1,0,0,1,0,0,0,0,0
306,1328,2025-04-18T06:08:13.619Z,211111121222121112222112212111,1,0,0,0,0,0,0,1,0,1,1,1,0,1,0,0,0,1,1,1,1,0,0,1,1,0,1,0,0,0
307,1318,2025-04-18T06:09:25.135Z,211111121222121122222112212111,1,0,0,0,0,0,0,1,0,1,1,1,0,1,0,0,1,1,1,1,1,0,0,1,1,0,1,0,0,0
308,Num,2025-04-18T06:10:47.976Z,211121111121211222222212121121,1,0,0,0,1,0,0,0,0,0,1,0,1,0,0,1,1,1,1,1,1,1,0,1,0,1,0,0,1,0
309,1336,2025-04-18T06:12:05.453Z,211121122122221122222112211112,1,0,0,0,1,0,0,1,1,0,1,1,1,1,0,0,1,1,1,1,1,0,0,1,1,0,0,0,0,1
310,1340,2025-04-18T06:12:58.553Z,221121121112221111222211121111,1,1,0,0,1,0,0,1,0,0,0,1,1,1,0,0,0,0,1,1,1,1,0,0,0,1,0,0,0,0
311,1319,2025-04-18T06:14:02.317Z,211111211111112122211111111111,1,0,0,0,0,0,1,0,0,0,0,0,0,0,1,0,1,1,1,0,0,0,0,0,0,0,0,0,0,0
312,1331,2025-04-18T06:14:43.870Z,121121222221111122122112221122,0,1,0,0,1,0,1,1,1,1,1,0,0,0,0,0,1,1,0,1,1,0,0,1,1,1,0,0,1,1
313,1326,2025-04-18T06:15:59.629Z,221121111121111122212212121221,1,1,0,0,1,0,0,0,0,0,1,0,0,0,0,0,1,1,1,0,1,1,0,1,0,1,0,1,1,0
314,1384,2025-04-18T06:16:58.516Z,111121111111111111112111121121,0,0,0,0,1,0,0,0,0,0,0,0,0,0,0,0,0,0,0,0,1,0,0,0,0,1,0,0,1,0
315,1376,2025-04-18T06:20:27.242Z,211112121112212221111122122212,1,0,0,0,0,1,0,1,0,0,0,1,1,0,1,1,1,0,0,0,0,0,1,1,0,1,1,1,0,1
316,1278,2025-04-18T06:21:27.559Z,122121112112222211112121121122,0,1,1,0,1,0,0,0,1,0,0,1,1,1,1,1,0,0,0,0,1,0,1,0,0,1,0,0,1,1
317,1398,2025-04-18T06:22:16.064Z,112222221111212222211121212122,0,0,1,1,1,1,1,1,0,0,0,0,1,0,1,1,1,1,1,0,0,0,1,0,1,0,1,0,1,1
318,1473,2025-04-18T06:23:04.541Z,212211121122211122112111211111,1,0,1,1,0,0,0,1,0,0,1,1,1,0,0,0,1,1,0,0,1,0,0,0,1,0,0,0,0,0
319,1390,2025-04-18T06:24:19.575Z,221222122211212122212212222212,1,1,0,1,1,1,0,1,1,1,0,0,1,0,1,0,1,1,1,0,1,1,0,1,1,1,1,1,0,1
320,1405,2025-04-18T06:25:54.853Z,211221111211112222222111221111,1,0,0,1,1,0,0,0,0,1,0,0,0,0,1,1,1,1,1,1,1,0,0,0,1,1,0,0,0,0
321,1475,2025-04-18T06:27:19.853Z,212211121211122122112111211111,1,0,1,1,0,0,0,1,0,1,0,0,0,1,1,0,1,1,0,0,1,0,0,0,1,0,0,0,0,0
322,1335,2025-04-18T06:28:41.834Z,121222122212121112121111112111,0,1,0,1,1,1,0,1,1,1,0,1,0,1,0,0,0,1,0,1,0,0,0,0,0,0,1,0,0,0
323,1383,2025-04-18T06:30:24.192Z,111121222222221122122222211222,0,0,0,0,1,0,1,1,1,1,1,1,1,1,0,0,1,1,0,1,1,1,1,1,1,0,0,1,1,1
324,1391,2025-04-18T06:32:04.381Z,221221221111212212221121121121,1,1,0,1,1,0,1,1,0,0,0,0,1,0,1,1,0,1,1,1,0,0,1,0,0,1,0,0,1,0
325,1403,2025-04-18T06:33:20.498Z,121221121211221221122112211112,0,1,0,1,1,0,0,1,0,1,0,0,1,1,0,1,1,0,0,1,1,0,0,1,1,0,0,0,0,1
